{
  "vision_mode": "classical",
  "num_paths": 26,
  "num_commands": 864,
  "sample_path_first_points": [
    [
      [
        105.0,
        65.71428571428571
      ],
      [
        78.76190476190476,
        130.85714285714283
      ],
      [
        78.76190476190476,
        137.1904761904762
      ],
      [
        79.66666666666667,
        138.09523809523807
      ],
      [
        88.71428571428571,
        138.09523809523807
      ]
    ],
    [
      [
        104.0952380952381,
        67.52380952380952
      ],
      [
        105.90476190476191,
        66.61904761904762
      ],
      [
        107.71428571428571,
        69.33333333333333
      ],
      [
        107.71428571428571,
        95.57142857142857
      ],
      [
        109.52380952380952,
        96.47619047619047
      ]
    ],
    [
      [
        104.0952380952381,
        73.85714285714286
      ],
      [
        104.0952380952381,
        74.76190476190476
      ],
      [
        103.19047619047619,
        75.66666666666666
      ],
      [
        103.19047619047619,
        77.47619047619048
      ],
      [
        102.28571428571429,
        78.38095238095238
      ]
    ]
  ]
}